{
    "0.0": {
        "precision": 0.92,
        "recall": 0.9817073170731707,
        "f1-score": 0.9498525073746312,
        "support": 164.0
    },
    "1.0": {
        "precision": 0.9538461538461539,
        "recall": 0.8157894736842105,
        "f1-score": 0.8794326241134751,
        "support": 76.0
    },
    "accuracy": 0.9291666666666667,
    "macro avg": {
        "precision": 0.936923076923077,
        "recall": 0.8987483953786906,
        "f1-score": 0.9146425657440531,
        "support": 240.0
    },
    "weighted avg": {
        "precision": 0.9307179487179487,
        "recall": 0.9291666666666667,
        "f1-score": 0.9275528776752651,
        "support": 240.0
    },
    "f1_score": 0.8794326241134751
}